product_id,mpn
1,HMAA8GL7MMR4NUH
2,AT16G2D4S2666ND8N12V
3,CT16G4RFD4213
3,CT16G4RFD4213.36FA2
3,CT16G4RFD4213.36FB1
4,HMA84GR7MFR4NUH
5,Unknown
6,Unknown
7,16 GB PC4-17000
8,Unknown
9,F4-3200C16D-16GTZR
10,Does not apply
11,Unknown
12,Does not Apply
13,HMA42GR7AFR4NUH
14,16 GB PC4-19200S
15,CT16G4DFRA32A
16,CMK32GX4M2B3200C16
17,Unknown
18,F44000C18D32GTZR
19,AX4U300038G16A-BB10
20,Unknown
21,CMW128GX4M8C3200C16W
22,MTA36ASF8G72PZ-2G9E1UI
23,Unknown
24,Unknown
25,Unknown
26,Does Not Apply
27,16GB PC4-3200AA
28,AT8G1D4S3200NNRN12V
29,CMH16GX4M2E3200C16W
30,CMSX16GX4M1A3200C22
31,MTA18ASF2G72PZ-2G9E6VI
32,Unknown
33,KVR24R17D4/32
34,Unknown
35,KCP432ND8/16
36,16GB DDR4 2400
37,M471A2K43EB1-CWE
38,Unknown
39,Unknown
40,Unknown
41,HMAA4GS6CJR8N
42,8 GB PC4-21300U
43,HX426C16FB3/16
44,M393A4K40BB0-CPB0Q
44,M393A4K40BB0-CPB
45,M378A1K43CB2
46,4 GB PC4-17000U
47,M393A8G40AB2-CWE
48,Unknown
49,CT8G4SFRA266
50,HMA81GS6AFR8N-UH
50,HMA81GS6MFR8N
50,HMA81GS6CJR8N
51,Unknown
52,RMSA3260MB78HAF2400
53,M378A1K43BB1-CPB
54,MTA16ATF2G64AZ-2G6E1
55,933276001
56,HMA81GS6AFR8N-UH
57,HMAA1GU6CJR6N-XN
58,Unknown
59,Unknown
60,HMA81GS6AFR8NUH
61,PC43200AASA212
62,933276001
63,HMA82GR7AFR8N-VK
63,HMAA4GU7CJR8NXN
64,K821PJ-MIH
64,K821PJ-MID
65,HMCG88AGBSA095N
65,MTC16C2085S1SC56BD1
66,Unknown
67,WD4REV908G21MSB-PAN
68,CT16G4SFRA32A.C16FT
69,Unknown
70,F43600C16D32GVKC
71,Unknown
72,Unknown
73,Unknown
74,16GB PC4-3200AA
75,Unknown
76,Unknown
77,Unknown
78,Unknown
79,Unknown
80,Unknown
81,Unknown
82,CMK32GX4M2A2666C16
83,8GB RAM
84,Unknown
85,CMK8GX4M2B3000C15
86,Unknown
87,Unknown
88,Unknown
89,CMR16GX4M2C3200C16
90,Unknown
91,F5-6000J3636F16GX2-FX5
92,HMAA4GS6AJR8N-XN
93,CP32G4DFRA32A.M16FF
94,TLZGD416G3200HC16CDC01
95,HMA81GU6AFR8N-UH
95,HMA81GU6AFR8NUH
96,KSM26RD4/64HCR
97,CM10246417000SO
98,Unknown
99,MTA8ATF1G64HZ-3G2J1
99,MTA8ATF1G64HZ3G2J1
100,KM0VW4
101,4 GB PC4-19200S
102,M378A1K43CB2-CRC
103,M386A4G40DM0-CPB
103,M386A4G40DM0
104,Unknown
105,Unknown
106,Unknown
107,901177
107,401743
108,GPR48GB3000C16AS
109,Unknown
110,PC43200AASE111
111,F43200C16D16GVKB
112,F4-3600C18Q-128GVK
112,F43200C16D32GVK
113,HMAA4GS6AJR8N-VK
114,HMAA4GU6CJR8N-XN
115,Does not apply
116,BLS16G4D240FSB
116,BLS16G4D240FSB.16FD
116,372423
117,NMUD480E84-2666EA00
118,CT8G4SFS824A.M8FE
119,"[""M393A2G40DB1-CRC"""
119,"""M393A2G40DB0-CRC"""
119,"""M393A2G40EB1-CRC""]"
120,FF4D516G5200HC40CBK
121,Does Not Apply
122,Unknown
123,M471A1G44AB0-CWE
124,HMA851U6AFR6N-UH
125,NMA1XXD256GPS
126,Unknown
127,Unknown
128,MX1H2G/A
129,MTA8ATF2G64HZ-3G2E2
130,Unknown
131,MTA36ASF4G72PZ-3G2
132,KDK8NX-MIE
133,UCS-ML-X64G4RS-H
134,CT4G4DFS8213
135,Unknown
136,SNPWTHG4C/16G
136,AA937596
136,WTHG4
136,0WTHG4
137,Optane 200 PMEM
138,M471A1G44BB0-CWE
139,Unknown
140,BLS2K8G4D32AESBK
141,M471A1K43BB1
141,M471A1K43CB1
142,Unknown
143,MTA9ASF1G72PZ
144,M471A5244CB0CWE
145,MX1H2G/A
146,GEILD48GB2666C18ADC
147,HMA81GU6JJR8N
148,CT8G4DFD213.C16FBFD2
149,NN4-2400T-RZZZ-11
150,CMK32GX4M2D3600C18
151,M471A1G44AB0-CWE
152,CT8G4DFD824AC16FBD2
153,Unknown
154,Unknown
155,MEMORY-BIN
156,MTA9ASF1G72PZ-2G6
157,Unknown
158,MTA16ATF1G64HZ-2G1B1
159,Unknown
160,8GB RAM
161,Unknown
162,Unknown
163,KVR24S17S8/8
164,M393A4K40CB1-CRC
165,Unknown
166,MTA8ATF1G64AZ-2G3H1-DESKTOP MEMORY
167,HX430C15FB/16-OP
168,MTA8ATF1G64AZ-2G6H1
169,HP32D4S2S8ME - 16
169,HP32D4S2S8ME16
169,HP32D4S2S8ME
170,Unknown
171,MD4U1630190JDA B
172,F4-3200C16D-16GVKB
173,Unknown
174,PC42666VSA111
175,MEMORY-BIN
176,Does Not Apply
177,MTA9ASF1G72AZ-2G3
178,HMA41GU6AFR8N-TF
179,A7945725
180,HP26D4S9S8MD-8
180,9995624-E47.A00G
181,KV0M5R-MIE
182,Unknown
183,Unknown
184,HMA451U6AFR8N-TF
185,Unknown
186,CT8G4DFRA266
187,16 GB PC4-19200S
188,Unknown
189,Unknown
190,K2M26
191,Unknown
192,854913001
193,Unknown
194,Does not apply
195,Unknown
196,AT16G2D4D2666ND8N12V
197,HMA851S6CJR6N-XN
198,8 GB PC4-19200E
199,933276-001
199,M378A1K43CB2CTD
200,HMA82GU7CJR8NVK
201,KCP424SS6/4
202,Does Not Apply
203,854913001
204,Unknown
205,HMA851U6CJR6N-VK
206,M471A4G43MB1-CTD
207,M393A4K40BB0CPB
207,M393A4K40BB0-CPB
208,933276001
209,T0H90AAAX
210,SPORT 2666 MHZ DDR4 DRAM DESKTOP GAMING MEMORY SINGLE 16GB..
211,Unknown
212,Unknown
213,KCP426SS6/8
214,Unknown
215,Unknown
216,M393A4K40CB2CTD7Y
217,4 GB PC4-25600U
218,Unknown
219,KVR24R17D4/32I
220,8 GB PC4-21333S
221,CT8G4SFRA32A
222,M391A2K43BB1-CTD
223,Does Not Apply
224,Unknown
225,MUQP2G/A
226,MTA16ATF1G64HZ-2G1A2
227,Unknown
228,Unknown
229,HMABAGR7A2R4N-XS
230,Unknown
231,Unknown
232,TS512MSH64V1H
233,AH5U16G52C5229BAA
234,M471A2G43BB2CWE
234,M471A2G43BB2-CWE
235,M378A1K43CB2-CRC
235,854913-001
236,MTA8ATF1G64AZ-2G6E1
237,Does Not Apply
238,Unknown
239,Unknown
240,Does not apply
241,Unknown
242,KSM24RS8/8HDI
243,KVR32N22S8/16
243,KVR32N22S816
244,820569-001
245,Does not apply
246,XW21KG-MIE-NX
247,HMA82GS6CJR8N-VK
248,Unknown
249,M378A1K43CB2-CTD
250,8 GB PC4-24000
251,M425R1GB4BB0-CWM0D
252,Unknown
253,PC4-2666V-RD1-12
254,HMA851S6CJR6N-VK
255,CT16G4DFD824A.M16FB
256,F4-3600C17Q-32GTZR RAM
257,M471A4G43AB1-CWE
258,Unknown
259,Unknown
260,HMA81GU6AFR8N-UH
261,BL8G32C16U4B.8FE
262,MTA8ATF1G64HZ-3G2J1
263,Does Not Apply
264,M471A2K43BB1-CPB
265,9995702-007.A00G
266,Unknown
267,MTA36ASF4G72LZ-2G6D1
268,EB57-A4521
269,Unknown
270,Unknown
271,Unknown
272,AND19S4G26S
273,M471A5244CB0CTD
274,Unknown
275,CT16G56C46S5
276,P00924-B21
276,P18450-B21
276,P06189-001
276,P03052-091
277,HMA82GS6DJR8N-XN
278,Unknown
279,M386A4G40DM1-CRC
279,M386A4G40EM2-CRC
280,CT16G4SFRA32A.C16FP
281,Unknown
282,Unknown
283,M471A2K43BB1CRC
284,hmaa8gl7amr4n
285,F4-2400C15S-8GRK
286,KCP421SS8/8
287,M378A1K43BB1
288,Unknown
289,KCP432NS8/16-MB
289,KCP432NS8/16
290,BLS4G4D240FSB.8FBD2
291,MTA8ATF1G64HZ
292,Does Not Apply
293,752369-EF1-ATC
293,752369-EF1
294,Unknown
295,Unknown
296,Unknown
297,HMAA4GU6AJR8N-XN
298,AT8G1D4D2400ND8N12V
299,M378A1K43BB1-CPB
299,M378A1K43BB1CPB
300,GAVSG532GB5200C38BD
301,MTA16ATF2G64HZ-2G1B1
302,NMB1XXD128GPS
303,MTA4ATF51264AZ-2G3E1
304,"[""M393A4K40BB1-CRC"""
304,"""M393A4K40CB1-CRC""]"
305,EB60-A21
306,Does Not Apply
307,Unknown
308,D4ECSO-2666-16G
309,MTA16ATF2G64AZ-2G6A1
310,CT16G4SFD832A
311,M471A2K43BB1-CRC
312,Unknown
313,Unknown
314,MTA8ATF1G64HZ-2G6E1
315,Unknown
316,KRVFX
317,CMW32GX4M2D3600C18
318,M471A1K43BB1-CRC
319,AO1P26KC8T1-BXPS
320,Unknown
321,HMA82GU6AFR8NUH
322,Unknown
323,HMAA2GU6CJR8N-XN
324,MTA16ATF2G64HZ-2G3E1
325,Y7N41
325,Y7N41-ATC
326,MUQN2G/A
327,Unknown
328,AT16G1D4D2933NNRN12V
329,AT8G1D4D2933NNRN12V
330,HP32D4U8D8HC-16XG
331,KKN2NM-MIE
331,9995704-007.A00G
331,PC4-2666-SC0-11
331,KKN2NM-MIES18287UGT1
331,9995704-008.A00G
331,PC4-2666V-SC0-11
332,CT16G4WFD8266-MB
332,CT16G4WFD8266
333,RAM-8GDR4K0-SO-3200-MB
334,Unknown
335,4 GB PC4-19200S
336,Unknown
337,Unknown
338,EB23-A18
339,Unknown
340,Unknown
341,Does Not Apply
342,762200-081
343,CT2K64G56C46S5
344,F5-6400J3239F48GX2-TZ5RK
345,EB70-I307
346,CT2K4G4SFS8266
347,MTA8ATF2G64AZ-3G2F1
348,m471a2k43cb1-ctd
349,HMA82GS6AFR8N-UH
350,MD16GSD43200-TB
351,MTA8ATF1G64AZ-2G3H1
352,M425R2GA3PB0
353,Unknown
354,Unknown
355,HMA851U6AFR6N-UH
356,HMA81GR7CJR8N-XN
357,Unknown
358,SNPHTPJ7C/32G
359,M471A5244CB0-CWE
360,Unknown
361,Unknown
362,Unknown
363,HMA84GR7CJR4N-XN
364,Unknown
365,KCP424SS8/8
366,PC4-2133P-UAB-10
367,M5D0BGS2QCVP87
368,MTA8ATF1G64AZ-2G3B1
369,Does Not Apply
370,HMA81GS6JJR8NVK
371,Unknown
372,M471A1K43CB1-CTD
373,JM3200HSH-4G
374,CT8G4SFS824A
375,933284-001
376,SNPWTHG4C16G
377,HMA451S6AFR8NTF
378,Unknown
379,854913001
380,HMT41GU6BFR8A-PB
381,F5-6400J3239F48GX2-RS5K
382,HMABAGL7ABR4N-XN
383,K6VDX7-MIE
384,M471A1K43DB1-CTD
385,CT16G4DFD8266
386,Unknown
387,Unknown
388,Unknown
389,CB16GU4800
390,M378A5244CB0-CRC
391,KCP432SD8/16
392,Unknown
393,EB70-J1922
394,HMA82GS6JJR8N-VK
395,EB61-A24383
396,VDFYD
396,VDFYD-ATC
397,PVV516G60C30
398,KVR26S19D8/32-MB
398,KVR26S19D8/32
399,KCDT82-MIE
400,PVV564G600C36K
401,MTA4ATF51264AZ-2G6E1
401,MTA4ATF51264HZ2G6E1
401,MTA4ATF51264AZ2G6E1
402,CT2K32G4DFD832A
403,Unknown
404,Unknown
405,PVS416G320C6
405,PVS416G360C8
406,Unknown
407,M425R2GA3BB0-CQK
408,Unknown
409,Unknown
410,CT16G4SFRA266
411,Unknown
412,Unknown
413,Unknown
414,937438-850
415,HP32D4U2S8MR-8
416,AD4S26664G19-BGN
417,Does Not Apply
418,Unknown
419,mta16atf1g64hz-2g1b1
420,HMAA2GS6CJR8N - XN N0 AC
421,HMA81GS6AFR8N-UH
421,HMA81GS6AFR8NUH
422,M425R1GB4PB0-CWM0L
423,4X70R38787
424,HMA81GS6AFR8N-UH N0 AC
425,MTA4ATF1G64HZ-3G2E2
426,CMP32GX5M2B6000Z30
427,M321R4GA3BB0-CQK
428,HMCG66AGBUA084N BA
429,KSM32RD4/64HCR
429,KSM32RD4
430,M471A2K43CB1-CRC
430,900242-591
431,CT2K32G4SFD832A
432,NMUD480E81-3200DG00-SINGLE
433,4GB DDR4
434,AD4U320016G22-SGN
435,EB70-B5520
436,MRT32LL/A
436,MRT32LL/A-MB
437,SM30N76635 M471A5244CB0-CWE
438,MTA16ATF2G64HZ-2G3B1
439,AO1P24HC8T1-BQXS
440,HMA42GR7AFR4N-UH
441,M393A1K43BB1-CTD6Y
442,HMA84GR7DJR4N-VK-ATC
442,HMA84GR7DJR4N-VK
443,M323R2GA3BB0-CQK
443,M323R2GA3BB0-CQK0L
444,SM30N76635
445,Unknown
446,VEU596G6028K
446,VEU596G6432K
447,HMA451U6AFR8N-TF
447,HMA451U6AFR8NTF
448,Unknown
449,M471A2K43BB1CPB
450,M393A2K40EB3-CWE
451,Unknown
452,BM8GD43200S
453,Unknown
454,M471A2K43DB1CWE
455,MTA16ATF1G64HZ-2G1B1
456,805353B21
457,HP60U40S8HA-16FRE
458,AA783421
458,SNPM04W6C/16G
459,EB42-A9622
460,HMA81GU7DJR8N-XN
461,A8661094-MB
462,HMAA4GU7CJR8N-XN
463,RMSA3260ME78HAF-2666
464,CT2K8G4DFRA32A
465,MTC8C1084S1UC56BD1
466,RMSA3310MJ86H9F-3200
466,RMSA3310MR86H9F-3200
467,AX4U36008G18I-DTBKD35
468,Does Not Apply
469,kvr56s46bd8-32
470,BMU53248UD0S40AB
471,901179
472,CT8G56C46S5
473,900945
474,Unknown
475,A9781929
475,SNPTN78YC/32G
476,Does not apply
477,M393A2K43EB3CWE
478,M321R8GA0PB0-CWM
479,Does not apply
480,PVS432G320C8S
481,Unknown
482,Does Not Apply
483,AT16G1D4S2133ND8N12V
484,EB70-B5004
485,01AG833
486,900920
487,MP7M2G/A
488,EB37-G247
489,Unknown
490,Does Not Apply
491,KF2666NDCD4
492,NMB1XXD128GPSU4
493,CT2K16G56C46U5
494,imac20
494,2
494,A2115
494,MXWT2LL/A
494,MXWU2LL/A
494,MXWV2LL/A
495,EB70-B8219
496,809081-081
497,EB70-B12756
498,EB70-I303
499,A7910489
500,Does Not Apply
501,Unknown
502,EB57-A3103
503,Unknown
504,KSM26ED8/16HD-MB
504,KSM26ED8/16MR-MB
504,KSM26ED8/16HD
504,KSM26ED8/16MR
505,HMAA1GS6CJR6N-XN
506,Unknown
507,Unknown
508,MTC4C10163S1UC48BA1
509,MTA16ATF2G64HZ2G6E3
510,HMA451S6AFR8N-TF
511,M471A1K43DB1-CWE
512,Unknown
513,L67710-002 HMAA2GS6CJR8N-XN
514,MTA18ASF2G72PDZ
515,MTA36ASF4G72PZ-2G9E2
515,MTA36ASF4G72PZ-2G9E2UI
516,932818-671-MB
517,MTA8ATF1G64AZ-2G1B1
518,SNPHYXPXC
519,P64339-B21
520,FF3D532G6000HC19QDSK
521,CMK32GX4M2E3200C16
522,Unknown
523,Unknown
524,Unknown
525,Unknown
526,EB67-A4941
527,EB57-A970
528,MTA36ASF2G72PZ-2G1A2KG-ATC
528,MTA36ASF2G72PZ-2G1A2KG
529,M425R1GB4PBO-CWMOL
530,EB70-B1968
531,CT16G56C46S5
531,CT32G56C46S5
531,CT2K16G56C46S5
531,CT2K32G56C46S5
531,CT48G56C46S5
531,CT2K24G56C46S5
531,CT24G56C46S5
531,CT2K48G56C46S5
531,CT2K64G56C46S5
532,EB70-B5483
533,SNPKN2NMC/4G-ATC
533,SNPKN2NMC/4G
534,4X70P98202
535,CT4G4DFS8213
536,Does Not Apply
537,M321R2GA3BB6-CQK
537,M321R2GA3BB6-CQKMS
538,EB70-B6288
539,A9210967-ATC
539,A9210967
540,Unknown
541,EB57-A2501
542,Unknown
543,does not apply
544,Unknown
545,Unknown
546,T0H91AA-MB
547,AX42133S15Z/4G-MB
548,862690-091
549,EB70-B5013
550,EB70-B47
551,HMCG78AGBSA095N
552,EB57-A2462
553,4X77A77031
553,4X77A88051
553,4X77A81440
553,03LE882
554,901354
555,D8GB2133SOr2b8-MG019MPN
556,M391A2G43BB2CWEQ
557,EB70-B5011
558,Unknown
559,CT32G56C46U5
560,Unknown
561,MTA8ATF1G64AZ-2G3B1
562,Unknown
563,Unknown
564,CMK16GX4M2B3200C16
565,EB70-B6719
566,Unknown
567,EB57-A2483
568,Unknown
569,Unknown
570,Unknown
571,MTA16ATF2G64AZ-2G6E1
572,Unknown
573,Unknown
574,Unknown
575,Unknown
576,CT16G4SFD824A
577,Unknown
578,Unknown
579,5M30V06801
580,Unknown
581,HP16GB3200DTr2b8-MGSpecific1MPN
582,KSM32ED832HC
583,CMH32GX5M2B6400Z32
584,EB70-B768
585,HMA81GU6AFR8N-UH
586,Unknown
587,Unknown
588,M391A2K43BB1-CRC
589,CT16G4SFS8266
590,M471A1K43DB1-CTD
590,M471A1K43DB1CTD
591,EB59-A761
592,Unknown
593,Unknown
594,KSM26ES8/16ME
595,Unknown
596,SNP75X1VC/32G
597,HX421C14FBK2/8
598,Unknown
599,Unknown
600,HMA81GS6DJR8N-XN
601,AA2666D4DR8S16G
602,903948-001
603,KF556C40BB-8
604,Unknown
605,SNP1CXP8C/16G-ATC
605,SNP1CXP8C/16G
606,Unknown
607,EB57-A959
608,EB57-A2356
609,EB57-A2250
610,CT8G4SFD824A
611,EB59-A31500
612,Unknown
613,Unknown
614,Unknown
615,MTA4ATF51264HZ-2G3-ATC
615,MTA4ATF51264HZ-2G3
616,M324R2GA3BB0-CQK
617,Unknown
618,EB70-B1273
619,EB57-A4354
620,EB70-B5930
621,EB42-A261
622,4X71B67860
623,EB57-A113
624,EB59-A33726
625,EB70-B1153
626,EB70-B1059
627,EB57-A4613
628,EB42-A9081
629,EB70-B1225
630,EB70-B8144
631,CMH32GX5M2B6400C36
632,HMCG94AHBRA487N
633,Unknown
634,M393A2K43CB2CTD
635,Unknown
636,SNP7XRW4C/16G-MB
637,LE8GB2400ECr1b8-MGSpecific2aMPN
638,FN6XK
638,FN6XK-ATC
639,Unknown
640,AB371023-ATC
640,AB371023
641,SNPG00XJC/16G
642,SNPFN6XKC/8G A8058238-ATC
642,SNPFN6XKC/8G
643,Does not apply
644,EB70-I1291
645,HP8GB2133SOr1-HP640G2MPN
646,AT16G2D4D3200RS4N12V
647,KF560C30BBEAK2-32
648,Does Not Apply
649,EB59-A880
650,HMA41GS7AFR8N-TF-ATC
650,HMA41GS7AFR8N-TF
651,AC8GB2133SO-MG122MPN
652,EB59-A27609
653,LQ8GB2400DTr1b8-4X70M60572MPN
654,EB70-B6509
655,AC8GB2666DTr1b8-MGAC992MPN
656,AT8G16D4D2400RS4N12V
657,5LJ58AV
658,EB70-B497
659,AC8GB2666DTr1b8-MGAC957MPN
660,AQ8GB2400DTr1b8MPN
661,AC8GB2666DTr1b8-MGAC1033MPN
662,EB59-A35300
663,D8GB3200SOr1b8-MG14MPN
664,D8GB3200SOr1b8-MG10MPN
665,4M9Y1AA-MB
665,4M9Y1AT-MB
666,AC8GB2666DTr1b8-MGAC916MPN
667,D8GB2666SOr1b8-MG031MPN
668,EB59-A27888
669,EB59-A4035
670,HP8GB2666DTr1b8-MG225MPN
671,AD5U480016GS
672,CT4G4SFS8266
673,LE8GB2400ECRr1b8-MG604MPN
674,EB57-A4493
675,Does Not Apply
676,EB57-A3530
677,AA579530-ATC
677,AA579530
678,EB70-B2897
679,RAM-48GDR5G0-UD-5600-MB
680,AA075845-ATC
680,AA075845
681,EB57-A4789
682,EB70-B6285
683,D16GB3200SOr1b8-DMG56MPN
684,Unknown
685,Unknown
686,EB59-A19710
687,EB59-A37004
688,EB59-A3561
689,EB70-B12809
690,Unknown
691,EB70-B13181
692,4X71D09533
693,EB57-A2263
694,Unknown
695,Unknown
696,EB59-A5729
697,EB57-A2393
698,AC8GB2666DTr1b8-MGAC954MPN
699,M392A2G40DM0-CPB
700,HX421S13IBK2
701,EB59-A29849
702,EB70-A2056
703,4 GB PC4-17000U
704,HMCG78MEBSA095N
705,EB42-A7534
706,Does Not Apply
707,KVR32S22S8/8
708,AT4G1D4D2400RS8N12V
709,T0E51AA-ATC
709,T0E51AA
710,PSD48G320081S
710,PSD432G32002S
711,M471A1K43DB1
712,F4-3600C18D-32GTZR
713,MKYF9
713,SNPMKYF9C/8G
714,EB57-A3106
715,PC4-2666V
716,Unknown
717,KF432S20IBK2/32
718,MTA8ATF1G64HZ
719,M378A1K43CB2-CTD
720,Unknown
721,HMA41GR7AFR8N-TF
722,15-105081-01
722,UCS-MR-X32G2RS-H
722,M393A4K40BB2-CTD
723,Unknown
724,4X70G88312-ATC
724,4X70G88312
725,CT16G4DFD8213
725,CT16G4DFD8213-MB
726,Unknown
727,Unknown
728,Unknown
729,LE16GB2400DT-MG057MPN
730,BT16GB3200DTr1b8-TZ23/1115MPN
731,Unknown
732,HP16GB3200DTr2b8-MG159MPN
733,AC16GB2133DT-MG259MPN
734,HP16GB3200DTr2b8-MG233MPN
735,Unknown
736,Unknown
737,BT16GB2666DTr2b8-TZ23/674MPN
738,HP16GB3200DTr2b8-MG211MPN
739,HP16GB3200DTr2b8-MG207MPN
740,Unknown
741,D8GB2400ECRr1b8-MG014MPN
742,Unknown
743,MTA8ATF1G64HZ-3G2J1
744,BT16GB2400DTr2b8-TZ23/248MPN
745,Unknown
746,EB70-B11114
747,Does Not Apply
748,M471A5244CB0
749,EB57-A2946
750,Unknown
751,D8GB2400ECRr1b8-MG010MPN
752,EB70-B5297
753,EB57-A1258
754,AC16GB2133DT-MG263MPN
755,LQ8GB2400ECr1b8-4X70P26062MPN
756,KC0T82-MIR
757,EB42-A9340
758,EB70-B6917
759,A9652456-MB
760,EB57-A4813
761,Unknown
762,Unknown
763,EB70-I1349
764,EB59-A36118
765,EB59-A32799
766,SNPCND02C/4G-ATC
766,SNPCND02C/4G
767,EB70-B8059
768,Unknown
769,EB59-A3270
770,EB57-A757
771,HQ8GB2400SOr1b8-Z9H56AAMPN
772,EB59-A1132
773,EB70-B6279
774,EB70-B6711
775,LQ8GB2133DTr1b8-03T7467MPN
776,Unknown
777,EB57-A2
778,EB70-B8052
779,EB70-B2033
780,D8GB2666SOr1b8-MG082MPN
781,BT8GB2666DTr1b8-TZ23/3234MPN
782,BT8GB2400DTr1b8-TZ23/2962MPN
783,CT8G4DFS8213
784,BT8GB2133DTr1b8-TZ23/2726MPN
785,D32GB3200SOr2b8-MG874MPN
786,P0002744-001
787,EB57-A4437
788,Unknown
789,EB70-B1004
790,SM30E51238-ATC
790,SM30E51238
791,EB57-A1125
792,EB57-A1118
793,EB57-A2636
794,AC8GB2133SO-MG220MPN
795,EB57-A2453
796,EB57-A2513
797,EB57-A2300
798,BT8GB2666SOr1b8-TZ23/3373MPN
799,EB57-A2353
800,EB57-A2956
801,EB57-A2645
802,EB57-A808
803,EB57-A1105
804,D8GB2666SOr1b8-MG047MPN
805,BT8GB3200SOr1b8-TZ23/3898MPN
806,BT8GB3200SOr1b8-TZ23/3802MPN
807,BT8GB2666SOr1b8-TZ23/3498MPN
808,BT8GB3200SOr1b8-TZ23/3901MPN
809,AT32G12D4D2133LQ4N12V
810,BLS8G4D240FSB.16FBD
811,BT8GB3200SOr1b8-TZ23/3913MPN
812,AA086413-ATC
812,AA086413
813,4X70G78061
813,4X70G78061-ATC
814,A9206671-ATC
814,A9206671
815,EB59-A3998
816,AA937595-ATC
816,AA937595
817,EB59-A2808
818,EB57-A4794
819,ATMS380918A25978X1
820,EB57-A3861
821,HP8GB3200DTr1b8-MG124MPN
822,SNPHYXPXC/8G-ATC
822,SNPHYXPXC/8G
823,EB70-B12591
824,EB57-A1389
825,EB70-B8016
826,EB57-A1234
827,01AG873-ATC
827,01AG873
828,D8GB3200SOr1b8-MG09MPN
829,CMH32GX5M2M6000Z36
830,EB57-A3014
831,AV16G5D56X
831,AV16G5D56X.S8BA
832,KMKM7M
833,FF3D532G6000HC30BDC01
833,6000MHZBLACK
834,KF560C36BBEAK2-16
835,Unknown
836,f5-6000j3038f8gh2-fx5
837,F5-6000J3038F16GX2-TZ5NR
838,FLRD516G6000HC38ABK
839,F5-6000J3038F8GH2-FX5
840,PVVR516G60C30
841,CT2K32G52C42U5
842,CMK16GX5M2B5200Z40
843,F5-6000J3636F16GX2-RS5K
844,CMK32GX5M2E6000Z36
845,FLBD58G5200HC40CBK
846,PVS32G640C32K
847,CP2K16G64C32U5B
848,CP2K16G60C36U5B
849,Unknown
850,KF560C36BBEAK2-32
851,kcp556ss8-16
852,FF3D516G6000HC38ADC01
853,FLRD516G6400HC38JJBK
854,Unknown
855,FF3D516G6000HC38JBK
856,FF3D532G7600HC36DDC01
857,Unknown
858,KF560C30BBEAK2-32
859,CMT64GX5M2B6000C40
860,CMH32GX5M2E6000C36
860,A6BNT52286LMZ
861,Unknown
862,AX5U5600C4616G-BLABRBK
863,CMH32GX5M2M6000Z36
863,AAQIT5024032SEU
864,CL36
865,CMH32GX5M2M6000Z36
866,F5-6000J3038F16GX2-TZ5NR
867,Unknown
868,Unknown
869,Unknown
870,Unknown
871,CMK32GX5M2B6400Z36
872,A32G-31R2-B
873,Unknown
874,Unknown
875,F56000J3636F16GX1FX5
876,HMCG66AGBUA084N
876,PC55600B
876,8GB DDR5 PC5-5600
877,CT2K8G48C40U5
878,HMCG78AGBSA092N
879,FF3D516G6000HC38ADC01
880,ct2k8g56c46u5
881,Unknown
882,KF552C36BWEA-32
883,Unknown
884,CMK96GX5M2E6000Z36
885,F5-6000J3636F16GX1-FX5
886,CMH32GX5M2B5200C40
887,CMH32GX5M2N6400C36
888,CL38
889,Unknown
890,F5-6000J3636F16GX2-RS5K
891,F5-6000J3038F8GH1-FX5
892,Unknown
893,F5-6000J3238G32GX2-TZ5K
894,CMK32GXM2B6200C36
895,F5-6400J3239G32GX2-TZ5RK
896,AD5U480016G-B
897,CMK16GX5M2B5200C40
898,Does not apply
899,CMH16GX5M2Y6000Z36
900,KF552C40BBK264
901,CTCED532G6000HC30DC01
902,CMG32GX5M2E6000Z36
903,f5-6000j3636f16gx1-rm5nrk
904,Unknown
905,VEB516G6030W
905,9DE00412
906,CMSX32GX5M1A4800C40
907,CT2K16G56C46S5
908,KF560C40BBA-16
909,TMXSAO1660826KKK
910,Unknown
911,CMH32GX5M2D6000C36W
912,Unknown
913,560C36BBEA-8
914,CMH32GX5M2E6000C36W
914,A70GB45000ELNT
915,PC-6400B-VA0-1211-XT
915,PC-6400B-VC0-1211-XT
916,AX5U6000C4816G-BLABRBK
917,FLBD516G6000HC38GBKT
918,KF556S40IBK2-32
919,CMH16GX5M2E6000Z36WGWL
920,Unknown
921,HMCG78AGBSA095N BA
922,PVVR532G560C36K
923,KCP556UD8-32
924,CMK64GX5M2B5200C40
925,AH5U16G52CA12NBAA
926,KF552C40BBA-16
927,FLRD516G6000HC38ABK
928,CMH32GX5M2E6000C36
929,FF7D532G6000HC38ADC01
930,KF548C38BBK2-32
931,CMH32GX5M2M6000Z36
932,HMCG78AGBEA081N
933,VEB516G6030W
934,Unknown
935,KF560C36BBE2K232
936,CMK64GX5M2B6000C30
937,AX5U6000C3016G-CLABK
938,KCP556SS8-16
939,Unknown
940,F5-6000J3036F16GX2-TZ5NRW
941,Unknown
942,FF3D532G6000HC30DC01
943,F5-6000J3238F16GX2-FX5
944,SP016GXLWU60CFSJ
945,GAVSG532GB5600C40AD
946,cp16g60c36u5b
947,CMH128GX5M2B6400C42
948,KF556C40BB-32
949,Unknown
950,MTC8C1084S1UC56BD1
951,F5-6000J3636F16GX2-RS5K
952,CMH32GX5M2N6000Z30K
953,Unknown
954,CP16G60C36U5B.M8D3
955,PVER516G56C38W
955,PVER516G60C42W
955,PVER516G60C30W
955,PVER532G56C38W
955,PVER532G60C42W
955,PVER532G60C30W
956,HMCG66AGBSA092N
957,Unknown
958,FF4D516G5200HC40CBK
959,VEB516G5636W
959,VEB516G6030W
960,AH5U16G52C5229BAA
961,CMH32GX5M2E6000C36W
962,PVV516G640C32GK
962,9DE00423
963,Unknown
964,4M9Y0AA
965,KF552C40BB-16
966,Unknown
967,KF552C40BBK2-32
967,CMK32GX5M2B5200C40
967,F5-5200J4040A16GX2-RS5K
967,CT2K16G52C40U5
967,AX5U5200C4016G-DCCABK
968,CMK32GX5M2A4800C40
969,PVX532G82C38K
969,9DE00351
970,KD5AGUA80-60A300J
971,CMP32GX5M2X7200C34FE
972,CMT64GX5M2X8200C40
973,Unknown
974,CMK64GX5M2B5200C40
975,F5-6000J3238G32GX2-FX5
976,NMGD516F81-5200NI00
977,F5-8000J4048F24GX2-TZ5RS
978,F5-6400J3239G32GX2-TZ5RK
979,MTC16C2085S1UC6BD1
980,F5-6000J3040G32GX2-RS5K
981,KF548S38IB-32
982,KF560C36BBE2AK2-32
983,CM5S16GM4800A40T2
984,YYD516G6000
985,F5-6000J3238G32GX2-TZ5N
986,Unknown
987,Unknown
988,HMC78AGBSA09SN BA
988,M425R2GA8BB0-CK0KL
989,Unknown
990,F5-6000J3636F16GX1-FX5
990,F56000J3636F16GX1FX5
991,CP2K16G56C46U5
992,Unknown
993,PSD532G56002
994,HMCG78MEBSA095N BA
995,Unknown
996,CMH32GX5M2E6000C36
997,AX5U5600C3616G-BB20
998,PC55600BED01010XT
999,FF3D532G6000HC30BDC01
999,6000MHZBLACK
1000,CMH64GX5M2D6000Z40
1001,CMP480X5M2X7200C36W
1002,CP2K16G60C36U5B
1003,PC54800BUAO1010
1004,KF556C40BBAK2-16
1005,Unknown
1006,CMSX16GX5M1A4800C40
1007,FF3D564G6000HC38ADC01
1008,F5-6400J3239F24GX2-TZ5NR
1009,Unknown
1010,Unknown
1011,Unknown
1012,TED532G5600C46A-SBK
1013,PC55600B
1014,HMCG88AGBSA092N-BA
1015,CMH64GX5M2B6400C32
1016,PVV516G52C36
1016,PVV516G56C36
1016,PVV516G60C30
1016,PVV532G52C36
1016,PVV532G56C36
1016,PVV532G60C30
1017,M425R2GA3PB0-CWMOL
1018,F5-6000J3636F16GX2-TZ5RK
1019,CMH5X32G2B56Z40A2
1020,CMP48GX5M2B6000C30
1021,CT8G56C46U5
1022,CMK64GX5M2B5200C40W
1023,M321R2GA3BB6-CQKDG
1024,Unknown
1025,AX5U6000C4816G-SLABRBK
1026,CMT32GX5M2B5200C40W
1027,CMKC96GX6M4X7000C36
1027,ABBAT5080CCCQX
1028,MCR08C2MEBSSA8N-BA
1029,5600MTS
1030,Unknown
1031,M425R2GA3BB0-CQKOL
1032,TMXSAL1664832KWK
1032,6400MHZ
1032,CL32
1033,PVVR532G560C36K
1034,Does not apply
1035,CTCED516G7200HC34ABK
1036,Unknown
1037,Unknown
1038,FF4D516G5200HC40CBK
1039,Unknown
1040,CT2K32G48C40U5
1041,KF560C36BBEK2-32
1042,Unknown
1043,Unknown
1044,HMCG78AGBUA084N-BA
1045,Unknown
1046,Unknown
1047,F5-5600J3036D16GX2-TZ5NR
1048,FF3D516G6000HC38A8BK
1049,CP48G56C46U5
1050,AX5U5200C3816G-DCLARBK
1051,PVER516G56C38W
1051,PVER516G60C42W
1051,PVER516G60C30W
1052,CT16G48C40U5
1052,CT8G56C46S5
1053,CMP96GX5M2B6400C32
1054,CMH32GX5M2E6000C36W
1054,A7G0B53600AWTS
1055,KF556C40BBAK2-32
1056,FF3D516G000HC38JBK
1057,F5-7200J3445G16GX2-TZ5RK
1058,F5-5200J4040A16GX2-RS5K
1059,Unknown
1060,CMH64GX5M2B4600C32
1061,M425R2GA3BB0-CQKOL
1061,M425R2GA3BB0-CQK
1062,TMXSAO1660836KKK
1063,CP48G56C46U5
1064,Unknown
1065,Unknown
1066,SPO032GXLWU60AFDH
1067,PVVR532G600C36K
1068,GAVSG532GB520038BD
1069,KF556C36BBEA-16
1070,KF556C40BBK2-64
1071,MD32GK2D5640036XR
1072,NMGD516F81-5200NI00
1073,M425R2GA3PB0-CWM
1074,FF4D516G5200HC40CBK
1075,M425R2GA3PB0
1076,CT16G48C40S5
1077,CMK192GX5M4B5200C38
1078,KF556C40BB-16
1079,PVV532G60C30-9DE00399
1080,KF556S40IBK2-64
1081,N16144-001
1082,HMCGJ8MHBVB333N AA
1083,CT16G56C46S5.C8D
1084,Unknown
1085,AX5U6000C4816G-SLABBK
1086,HMCG78AGBSA092N
1087,Unknown
1088,F5-7200J3445GX2-TZ5RS
1089,CT24G56C46S5.M8B1
1090,Unknown
1091,Unknown
1092,KD5AGUA80-64A320J
1093,AX5U5200C3816G-DCLAB
1094,Unknown
1095,PVV516G560C40K
1096,CMH32GX5M2X7000C34
1097,AX5U6000C3616G-DTLABRBK
1098,MTC16C2085S1UC56BD1
1099,PC55600B
1100,F5-5200J3636C16GX2-RS5K
1101,Unknown
1102,Unknown
1103,F5-6000J3644D64GX2-FX5
1104,PVER548G80C36K
1105,KF560C30BBEK2-16
1105,KF552C36BBEA-16
1106,AX5U5200C4216G-BLABRBK
1107,Unknown
1108,PC5-44800
1109,Unknown
1110,Unknown
1111,F5-8000J3848H16GX2-TZ5RK
1112,M323R2GA3BB0
1113,MTC40F2047S1RC56BB2
1113,128GB
1114,MD32GK2D5640036XRGB
1115,M321R2GA3BB0CQKDG
1116,10015695
1117,CT8G48C40U5
1118,KF560C30BWEAK2-32
1119,Unknown
1120,Unknown
1121,HMCG78MEBUA081N
1122,Unknown
1123,Unknown
1124,KVR56S46BS8-16
1125,CT32G48C40S5
1126,KF560C36BBEAK2-64
1127,CT2K32G48C40S5
1128,F5-4800S4039A16GX2-RS
1129,CMH64GX5M2B6000C30
1129,A77FT445070NJA
1130,CMT64GX5M2B5200C40W
1131,F5-6400J3239G32GX2-RS5K
1132,Unknown
1133,CMP96GX5M2B6600C32
1134,kf564c32rsak2-32
1135,Unknown
1136,Unknown
1137,KF552C36BBEK2-32
1138,CT2K16G56C46S5
1139,CL36
1140,HMCG66MEBSA092N BA
1141,KSM48R40BD464MD6
1142,MTC40F2046S1RC48BA1
1143,F5-6000J3444F64GX2-TZ5RK
1144,KF556C40BBAK2
1145,FF3D532G6000HC38ABK
1146,Unknown
1147,Unknown
1148,4402112-001.H00
1149,Unknown
1150,FLBD516G6000HC38GBKT
1150,FLBD516G6000HC38GBK
1151,SNPWMMC0C/32G
1152,F5-5200S3838A16GA2-RS
1153,Unknown
1154,M425R4GA3BB0-CQK
1155,PVER516G60C42W
1155,PVER532G60C42W
1155,PVER516G60C30W
1155,PVER532G60C30W
1156,PVVR532G600C36K
1157,CMSX64GX5M2A5200C44
1158,M425R4GA3BB0-CQKOD
1159,Unknown
1160,F5-6800J3445G16GX2-TZ5RK
1161,RMSB3400KB06IVF-4800
1162,HMCG78AHBVA327N
1163,KF552C40BBK2-16
1164,Unknown
1165,Unknown
1166,Unknown
1167,CMSX32GX5M1A5200C44
1168,M323R2GA3BB0CQK0L
1169,Unknown
1170,F5-6400J3239G16GX2-TZ5RS
1171,Unknown
1172,F5-6000J3644D64GX4-TZ5NR
1173,HP52U40S6HA-8FRAE
1173,9995805-E09.A00G-10279093
1174,Unknown
1175,HMCG78MEBUA081N
1175,5M30Z71677
1176,KTL-TS556D8-32G
1176,5600
1176,5600MHz
1176,5600 MHz
1176,5600 MT/s
1176,5600MT/s
1176,Reg
1176,Registered
1177,F5-6000J3038F16GX2-TZ5NR
1178,CT32G48C40S5
1179,Unknown
1180,CMK32GX5M2A4800C40
1181,SNPWMMC0C/32G
1182,4509
1183,CMH64GX5M2M6000Z30
1184,KF560C30BBEAK2-16
1185,5M31L87360
1186,Unknown
1187,F5-6000J3636F16GX2-TZ5RW
1188,CMH32GX5M2B5600C36
1189,CT32G48C40U5.C16A1
1190,F5-6400J3648G24GX2-1Z5RK
1191,Unknown
1192,F5-7200J3646F24GX2-TZ5RK
1193,CP2K32G56C46U5
1194,CT16G56C46S5.M8H1
1194,CT16G56C46S5
1195,KF560C30BBEK2-32
1196,ff3d516g6000hc38adc01
1197,VEB532G6030KW
1197,VEB532G6432KW
1197,VEB532G7038KW
1197,VEB564G6030KW
1197,VEB564G6432KW
1198,CMSX16GX5M1A4800C40
1199,CP2K16G64C32U5W
1200,Dominator Platinum RGB
1201,Unknown
1202,MTC4C10163S1UC48BA1
1203,AX5U6000C4816G-BLABRBK
1204,Unknown
1205,M425R4GA3BB0-CQK
1206,PSD516G480081S
1206,PSD532G48002S
1207,PVVR532G560C36K
1207,PVVR532G600C36K
1207,PVVR532G600C30K
1207,PVVR532G620C40K
1207,PVVR532G640C32K
1207,PVVR532G680C34K
1207,PVVR548G600C36K
1207,PVVR548G640C32K
1207,PVVR564G560C40K
1207,PVVR564G600C36K
1207,PVVR564G600C30K
1208,CMH96GX5M2B5600C40
1209,Unknown
1210,Unknown
1211,F5-6000J3040G32GX2-TZ5NR
1212,KF552C40BBK2-32
1213,KCP548SS8-16
1213,KCP548SS816
1214,M323R1GB4PB0-CWM
1215,M425R2GA3BB0
1216,MTC8C1084S1SC48BA1
1217,KMKM7M-HYM
1218,HMCG78AGBSA092N
1219,F5-6000J3636F32GX2-FX5
1220,CMH64GX5M2B5200C40W
1221,Unknown
1222,6000J2636H32GX2-TZ5NR
1223,CMT32GX5M2B5600C36
1224,FF4D516G6000HC38GBK
1225,CMP96GX5M4B6400C32
1226,FLRD532G6000HC38ADC01
1227,MTC4C10163S1SC56BD1
1228,KSM48E40BS8KM-16HM-MB
1229,Trident Z5
1230,does not apply
1231,Unknown
1232,R5 6000M 12 16GB
1233,HMCG88MEBSA092N
1234,F5-6800J3445G16GX2-RS5K
1235,Unknown
1236,KF560C36BBEAK2-32
1237,CL36
1238,flbd516g6000hc38adc01
1239,CTCED532G6000HC38GDC01
1240,CMH32GX5M2E6000C36
1241,CL36
1242,M323R2GA3BB0-CQK
1243,KF552C40BWA-16
1244,M324R4GA3PB0-CWM
1244,M324R4GA3PB0-CWM0D
1245,F5-6000J3636F32GX2-TZ5RK
1246,Unknown
1247,MTC16C2085S1UC48BA1 BF
1247,MTC16C2085S1UC48BA1
1247,PC5-4800B-UB0-1010-XT
1247,DPAX7B8002
1247,5M30Z71685
1248,F5-5600J3636C16GX2-RS5K
1249,5M31N59998
1249,5M31N59995
1249,5M31N60005
1249,5M31Q52599
1249,5M31T62250
1250,FLARD532G6000HC38ADC01
1251,PVV532G600C30K
1252,Unknown
1253,Unknown
1254,F5-7800J3646H16GX2-TZ5RK
1255,271617
1256,M323R2GA3BB0-CQKOL
1256,M323R2GA3BB0CQKOL
1257,M435R2GA3PB1-CCPSG
1258,Unknown
1259,PC5-5600B-SB0-1010-XT
1259,M425R6GA3PB0-CWM0D
1260,HMCG78AGBSA092N AA
1261,M323R2GA3PB0-CWMOL
1262,HMCG78MEBUA084N
1263,KVR56U46BS8-16
1264,802COF24104747B158
1265,CP2K32G64C40U5B
1266,MTC20C2085S1EC48BA1
1267,PC-6400B-VA0-1211-XT
1268,Unknown
1269,F5-8400J4052G24GX2-TR5G
1270,kcp556us6-8
1271,VEUR532G6028K
1271,VEUR548G6028K
1271,VEUR548G6432K
1271,VEUR564G6028K
1271,VEUR564G6432K
1271,VEUR596G6028K
1271,VEUR596G6432K
1272,Unknown
1273,HMCG66MEBUA081N
1274,JM4800ALE-32G
1275,AX5U6000C3016G-CLARBK
1276,ND5U1660405BRKDA
1277,CMH32GX5M2B6000C30
1278,LV56S46BS8HA
1279,CMH32GX5M2B5600C36W
1280,FF4D564G6000HC38ADC01
1280,X003K5205R
1281,M321R4GA0BB0CQKMG
1282,HMCG88AGBSA092N AA
1283,Unknown
1284,HMCG78MEBUA081N
1285,CTCCD532G6000HC48DC01
1286,HMCG66AEBSA095N
1287,F5-6400J3039G16GX2-TR5NS
1288,CMK32GX5M2D6000C30
1289,Unknown
1290,M425R2GA3BB0-CQKOD
1291,CTCED532G6000HC38ADC01
1292,FF3D532G6000HC30DC01
1293,FLRD516G600HC38ABK
1294,Unknown
1295,HMCG88MEBUA081N
1295,HMCG88MEBUA084N
1296,Unknown
1297,Unknown
1298,M425R2GA3BB0-CQK0L
1299,HMCG78AGBUA084N
1300,F5-5600U3636C16GX2-TZ5RK
1301,MTC16C2085S1VC64BD1
1302,AT16G1D5D5600NS8N11V
1303,CL36363676
1304,CTCED532G6400HC40BDC01
1305,Unknown
1306,f5-6000j3038f8gh1-fx5
1307,KF572C38RSK232
1308,MTC16C2085S1UC56BD1
1309,CMH64GX5M2A4800C40
1310,KF584CU40RWAK2-48
1311,M425R4GA3PB0-CWM
1312,KF560R32RBK4-64
1313,5M30Z71687
1313,M323R2GA3BB0-CQK0D
1313,M323R2GA3BB0
1314,5M31N59997
1314,5M31N59994
1314,5M31N60004
1315,KCP548SD8-32
1316,PVXR532G64C32KM
1317,Unknown
1318,HMCG78AGBUA081N
1319,FLBD516G6400HC38JBK
1320,CMK48GX5M2E6000C36
1321,M425R2GA3BB0-CWMOD
1322,HP52U40S6HA8FRAE
1323,F5-6000J3040G32GX2-TZ5N
1324,CT16G56C46U5.M8G1
1325,F5-6400J3239F24GX2-TZ5NRW
1326,KF560C36BBE2K2-32
1327,PC5-51200
1328,KF552C40BBK2-32
1329,F5-6000J3636F16GX1-RM5NRK
1330,KF564C32BBEAK2-32
1331,F556S401BK2-32
1332,KF548S38IBK2-32
1333,CT2K8G56C46U5
1334,M323R1GB4BB0
1335,HMCG84MEBRA107N
1336,CT16G56C46S5
1337,HMCG78AEBSA095N
1338,HMCG66AGBSA092N
1339,F5-5600J2834F32GX2-RS5K
1340,F5-5600U3636C16GX2-TZ5RS
1341,KF552C40BBK2-32
1342,FF4D532G6400HC40BDC01
1343,Unknown
1344,Unknown
1345,KF552C40BBAK2-16
1346,CMH32GX5M2E6000C36
1347,MTC8C1084S1SC56BD1 BF
1347,PC55600BSA01110XT
1348,F5-6400J3239G32GX2-TZ5RK
1349,KF556C40BBK2-64
1350,JM4800ASE32G
1351,CMH16GX5M2B5200Z40
1352,BD8G6000MC28
1353,HMCG78MEBSA095N BA
1354,FLBD532G6000HC30DC01
1355,PVVR532G600C30K
1356,HMCG78AEBUA084N
1357,CMH32GX5M2B5600C36
1358,HP56U46BS6MDF-8
1359,F5-6000J3040G32GX2-FX5
1360,KF560R32RBEK4-128
1361,MTC20C2085S1EC56BD1
1362,F5-5200J4040A32GX2-RS5K
1363,Unknown
1364,KF552C40BB-16
1365,FF4D532G6400HC32ADC01
1366,CMH32GX5M2N6400C36W
1367,AD5S560032G-S
1368,CMH64GX5M2B6000C30
1369,CMH64GX5M2D6000C40
1370,TED516G5600C46BK
1371,M321R2GA3BB6-CQK
1372,KVR56U46BD8-48-MB
1373,HMCG78AGBUA
1374,Unknown
1375,HMCG78AGBRA191N
1376,KF560C36BBEK2-16
1376,HP52U40S6HA8FRAE
1377,F5-6400J3239G16GX2-TZ5K
1377,F5-6400J3239G16GX2-TZ5RK
1378,Unknown
1379,Unknown
1380,AT8G2D5D4800NNRN11V
1381,Unknown
1382,M425R2GA3EB0-CWMOD
1383,Unknown
1384,MTC20F2085S1RC48BA1
1385,M323R2GA3DBO-CWMOD
1386,F5-6000J3036F16GX2-FX5
1387,Does not apply
1388,Unknown
1389,M321RAJA0MB0CWM
1389,M321RAJA0MB0-CWMCJ
1390,CT00000XXX00X-00XXX0
1391,KF560C36BBEK2-16
1392,PVER532G60C30W
1393,KF556C40BBAK2-16
1394,Unknown
1395,CMH96GX5M2B6000C30
1396,CMK32GX5M2B5600C36
1396,ACJPT6510MBN1
1397,M323R2GA3BB0-CQK
1397,M323R2GA3BB0-CQKOL
1397,M323R2GA3BB0-CQKOD
1397,M323R2GA3BB0-CQKPN
1397,M323R2GA3BB0-CQK0L
1398,CMP32GX5M2B6000C30W
1399,PC54800B
1400,PC55600BUC01010XT
1401,HMCG88AGBUA084N
1402,Unknown
1403,Unknown
1404,MTC4C10163S1SC56BD1
1405,TPBD532G4800HC40BK
1406,Unknown
1407,M323R4GA3BB0-CQKOL
1408,CMK96GX5M2B6400C32
1409,CT2K16G48C40U5
1410,SP016GBSVU480F02
1411,KMKM7M
1412,IRGB
1413,X1XJ4R-MIA-A
1414,AD5U480032GS-B
1415,CMP48GX5M2X7200C36W
1415,A8KDT41300KSNR
1416,M321RYGA0PB0-CWMKH
1417,F5-6000J3636F16GX2-TZ5NR
1418,M425R1GB4BBO-CQKOL
1419,F5-6000J3636F16GX2-RM5RW
1420,MTC8C1084S1SC56BD1
1421,F5-6000J3444F64GX2-TZ5NR
1422,KF560C36BBE2AK2-32
1423,F5-6000J3644D64GX2-TZ5NR
1424,HMCG78MEBSA092N
1425,FF3D516G6000HC38ABK
1426,GP-ARS32G52D5
1427,KF560C36BWEK2-32
1428,Unknown
1429,CMH64GX5M2Y6400C32
1430,HMCG78AGBUA081N
1431,CMK32GX5M2B6000C36
1432,F5-5600J4040D48GX2-TZ5NR
1433,CMH96GX5M2N7200C40
1434,CT2K645C46U5
1434,CT2K64G56C46U5
1435,Unknown
1436,M425R1GB4BB0-CQK
1437,KF548C38BBK2/32
1438,M324R4GA3BB0-CQK
1439,F5-6400J3239G16GA2-TZ5RS
1440,MTC4C10163S1SC56BG1
1441,RMSB3410HA88IBF‑5600LA
1442,F5-6000J3636F16GX2-TZ5NR
1443,271615_51
1444,M425R2GA3BB0-CQK
1445,KF556C40BBAK2-64
1446,TMXSAL1660830KWK
1447,FF4D516G5600HC36BBK
1448,AD5S560016G-B
1449,CP2K16G64C32U5B
1449,CL32
1450,Unknown
1451,KCP556US8-16
1452,CMP64GX5M2X6600C32
1453,M425R1GB4PB0CWM0D
1454,Unknown
1455,EB63-A785
1456,HMCG78AGBRA
1456,HMCG78AGBRA191N
1457,Unknown
1458,CMH192GX5M4B5200C38
1459,5M31K03082
1460,F5-6000J3636F16GX2-TZ5RK
1461,F5-5200J4040A32GX2-RS5K
1462,M321RBGA0B40-CWK
1463,CP2K32G64C40U5W
1464,M425R2GA3BB0CQK0L
1465,KSM48R40BD4TMM-64HMR
1465,KSM48R40BD4TMM64HMR
1466,F5-6400J3239G16GX2-TZ5RK
1467,HMCG88AGBSA095N
1468,F5-6000J3636F16GX2-FX5
1469,CMT64GX5M2B6800C40
1470,Unknown
1471,otmxfal3280840kwk
1472,CT32G56C46S5
1473,M323R4GA3BB0-CQK
1473,M323R4GA3BB0-CQK0L
1474,CMH96GX5M2E6000Z36
1475,F5-6400J3239G16GX2-TZ5NRW
1476,KF560C36BWE2AK2-32
1477,AD5S480016G-S
1478,Does not apply
1479,6400MHZ
1480,F5-5600J3636C16GX2-FX5
1481,Unknown
1482,KF560C36BWE2AK2-32
1483,Unknown
1484,F5-6000J2636H16GX2-TZ5NR
1485,AT16G2D5D4800NNRN11V
1486,ffpd532g7200hc34adc01
1487,SP016GXLWU60CF5K
1488,ted516g5600c46a-s01
1489,Unknown
1490,PVV532G600C36K
1491,FF3D532G7200HC34ADC01
1492,VEUR532G6028K
1493,5M31L87445
1494,F56000J3038F16GX2FX5
1494,F5-6000J3636F16GX2-FX5
1495,M425R1GB4BB0-CQK
1495,M425R1GB4BB0-CQKOL
1496,M425R1GB4BB0-CQK0L
1497,M425R4GA3BB0-CWM
1498,HMCG66AGBUA081N
1499,F5-8000J3848F24GX2-TZ5RW
1500,HMCG78MEBSA092N
1501,M425R2GA3BB0
1502,HMCG66AGBUA084N
1503,EB70-J993
1504,M425R1GB4BB0-CWM
1505,M425R2GA3BB0-CWM0D
1506,Unknown
1507,HMCG66AGBUA
1507,HMCG66AGBUA081N
1507,HMCG66AGBUA084N
1508,HMCG88MEBUA081N
1509,Unknown
1510,KN.8GB04.073
1511,M97595-001
1512,SP016GBSVU560F02
1513,M321R4GA3EB0-CWM
1514,M425R2GA3BB0-CWM0D
1515,CT16G56C46U5
1516,ad5s480016g-s
1517,Unknown
1518,PSD516G560081S
1519,Unknown
1520,HMCG88AHBRA286N
1521,CMP48GX5M2B7000C36
1522,N77399005
1523,Unknown
1524,KF556C36BBEK2-16
1525,F5-6000J3038F16GX2-FX5
1526,CMT32GX5M2B5600C36W
1527,CMH32GX5M2B6000Z38
1528,F5-6000J3038F16GH1-TZ5NR
1529,HMCG78AGBRA
1530,CMH64GX5M2N6000C30
1531,PVER532G56C38W
1532,Unknown
1533,CMK32GX5M2B5200C40
1534,HMCG88MEBUA081N
1534,HMCG88MEBUA084N
1535,MN64GK2D55600-TB
1536,CT16G5C46S5.C8D
1537,KF556C36BBEAK2-64
1538,Unknown
1539,KF564C32BBEAK2-64
1540,MTC10F1084S1RC48BA1
1541,Unknown
1542,KF564C32RSK2-32
1543,KCP556SD8-32
1544,tmxsao1660830kkk
1545,AD5S560016G-S
1546,CMH32GX5M2E6000C36
1547,TMXSL1660836KWK
1548,Unknown
1549,F5-5600J3636C8GH2-FX5
1550,KF556C40BBK4
1551,CMH32GX5M2N6400C36
1551,A9UGT5310QMYA
1551,CMH32GX5M2B6400C36
1552,Unknown
1553,CMT32GX5M2X6200C36
1554,CT2K16G48C40U5-ATC
1555,F5-6400J3239G16GX2-TZ5S
1555,DDR56400
1556,CBDAD5S560016G-BAD
1557,PC54800BSA01010XT
1557,HMCG78MEBSA095N
1558,CMP5S32G3B64C32A2
1558,CMP64GX5M2B6400C32
1559,Does not apply
1560,KD5AGUA80-56G460A
1561,CMH32GX5M2B6000C40
1562,Unknown
1563,KF560C40BBAK2-64
1564,Unknown
1565,KS4800D5N1101GB
1566,PC5-44800
1567,M425R1GB4BB0-CQK
1567,M425R1GB4PB0
1568,KF564C32RWAK2-64
1569,TED532G5600C46A-SBK
1570,CMK32GX5M2Y6000Z30
1571,Unknown
1572,KCP548SS8-16
1573,CMK32GX5M2B6400C36
1574,F5-6400J3648F16GX2-RM5RW
1575,HM08GGB6AQUA0N
1576,M323R2GA3DB0-CWM
1576,M323R2GA3DB0-CWMJD
1577,HMCG84MEBRA103N
1578,Unknown
1579,NMGD516F815200NI00
1580,Unknown
1581,M425R4GA3BB0-CWM
1581,M425R4GA3BB0-CQK
1582,Unknown
1583,16GB DDR5 SODIMM
1584,MTC8C1084S1SC48B
1584,MTC8C1084S1SC48BA1
1585,M323R1GB4BB0-CQK
1585,M323R1GB4BB0-CQKOL
1586,5M31L87360
1587,5M31K03055
1588,HMCG66AGBSA
1589,MTCAK10818S8EC-48BA1BF
1590,AT16G1D5S5600NS8N11V
1591,CT2K8G52C42U5
1592,M425R2GA3BB0-CWM
1593,HMCG78MEBSA095N
1594,CP16G60C36U5B.M8D1
1595,CMK32GX5M2E6000C36
1596,HMCG78AGBSA
1596,HMCG78AGBSA092N
1596,HMCG78AGBSA095N
1597,64GB DDR5 CAMM
1598,N77399-001
1599,FLBD516G6000HC38GBKT
1600,P64336-B21-MB
1601,CT24G56C46S5
1602,Unknown
1603,M425R1GB4BB0-CQK0L
1604,M323R1GB4DB0
1605,CT12G56C46S5
1606,f5-5600j3636c8gh2-fx5
1607,Unknown
1608,HMCG78AGBSA092N
1609,9995783-E40
1610,F5-6000J3238G32GX2-TZ5NR
1611,EB70-J876
1612,Unknown
1613,M425R1GB4BB0-CQKOL
1614,EB70-I4344
1615,CTCED548G6400HC32ADC01
1616,HMCG66AEBUA084N
1617,Unknown
1618,HMCG78MEBUA
1619,CMSX64GX5M2A4800C40
1620,FF4D516G6000HC38ADC01
1621,CT8G48C40U5
1622,HMCG66MEBSA092N
1623,CT2K32G48C40S5
1624,10085584
1625,9DE00422-PVV516G600C36GK
1626,Unknown
1627,KF560S38IBK2-32
1628,CT16G48C40U5
1629,4X71K53891
1630,EB70-D809
1631,KF564C32BBEK2-64
1632,KVR48S40BS8K2-32-ATC
1633,M323R4GA3BB0-CQK
1633,M323R4GA3BB0-CQK0D
1633,M323R4GA3BB0-CQKOL
1634,EB70-B6807
1635,CT32G48C40U5
1636,KF560C36BBE2AK2-32
1637,TED58G5600C46BK
1638,M425R2GA3BBO-CWMOD
1639,M425R2GA3PB0-CWM
1639,M425R2GA3PB0
1640,Corsair VENGEANCE DDR5 32GB
1641,VEU532G6028K
1642,CM5S16GM4800A40T2
1643,AT32G1D5D4800ND8N11V
1644,Unknown
1645,KV3H4X-HYM-I
1646,f5-6000j3636f16gx1-fx5
1647,M425R4GA3EB0-CWMOD
1648,CTCED564G6000HC34BDC01
1649,Unknown
1650,KSM56E46BD8KM-32HA-MB
1651,Unknown
1652,Unknown
1653,KCP552SD8-32
1653,KCP552SD832
1654,CMH32GX5M2E6000Z36
1655,KF556C36BBEK2-32
1656,HMCG78MEBSA092N
1657,4N59R
1658,KF560C30BWEK2-32
1659,KF560C36BBE-16
1660,FF3D548G8200HC38EJC01
1661,BD8G6400MC28
1662,F5-6800J3445G16GX2-TZ5RK
1663,5M31N59978
1664,KSM56E46BD8KM32HA
1664,KSM56E46BD8KM-32HA
1665,83P90AA
1666,4M9Y5AA/AX
1667,Unknown
1668,TED532G4800C40D
1669,M425R2GA3EB0-CWMOL
1670,TMXSAO1660830KKK
1671,M425R2GA3EB0-CWM0L
1672,M323R1GB4DB0-CWM
1673,KF564C32BBEK2-32
1674,M323R2GA3DB0-CWM
1674,M323R2GA3PB0-CWM
1675,HP56S46BS8HA-16
1676,M425R2GA3BB0-CWM
1677,CP2K16G60C36U5W
1678,F5-6400J3239G32GX2-TZ5RS
1679,CT2K8G56C46U5
1680,TED532G5600C46DC01
1681,F5-4800S3838A32GA1-RS
1682,ff4d516g6000hc38adc01
1683,Unknown
1684,M425R4GA3BB0-CQK0L
1685,HMCG66AGBSA092N BA
1686,KF552C40BBAK2-64
1687,PVVR532G56C36
1688,Unknown
1689,F5-7200J3646F24GX2-TR5S
1690,CMH32GX5M2D6000C36
1691,VEUR564G6028K
1692,PVV532G700C32K
1692,PVV532G720C34K
1692,PVV532G740C36K
1693,CT2K16G48C40U5-16
1694,veb532g6030kw
1695,AT32G1D5S5600ND8N11V
1696,CMK64GX5M2B5600C40
1697,16 GB PC5-44800
1698,PVER532G60C30KW
1698,PVER548G60C42KW
1698,PVER596G60C42KW
1699,MRA5S520HHHD48GX2
1700,FF3D532G6000HC30BK
1701,SNPR62CWC/32G
1702,F56400J3239F24GX2TZ5NRW
1703,Unknown
1704,AXG1147102164/1-MB
1705,PVV532G700C32K
1706,KF548S38IB-8
1707,CMH32GX5M2D6000C36
1708,KF556C40BBA-16
1709,XF1R8M-HYM-A
1710,F5-6800J3445G32GX2-TZ5RK
1711,Unknown
1712,Unknown
1713,CT12G56C46S5.M4B1
1714,CT2K16G56C46U5
1715,MTC8C1084S1SC48BA1 BC
1715,MTC8C1084S1SC48BA1
1716,cp2k16g64c38u5w
1717,HMCG66AGBSA095N
1718,Variable
1719,CMP32GX5M2X6600C32
1720,AT16G2D5S4800NNRN11V
1721,M323R4GA3BB0-CQKOL
1722,Unknown
1723,KF556S40IB-16
1724,PVVR516G56C36
1724,PVVR516G60C30
1724,PVVR532G56C36
1724,PVVR532G60C30
1725,AT16G1D5D4800US8EC4N11V
1726,Unknown
1727,KF560C30BBEAK2-64
1728,ax5u6000c3016g-clabk
1729,AC774048-TM
1730,EB70-I2683
1731,PVV564G600C36K
1731,9DE00350
1732,Unknown
1733,PVV532G640C32K
1734,SNPGD7H7C/128G-MB
1735,EB70-J855
1736,Unknown
1737,CT1660
1738,EB70-B14205
1739,BD32G6000MC28
1740,su064gxlwu60
1741,NA
1741,HMCG88MEBSA092N
1742,CMK32GX5M2B5600C36
1743,FF3D532G6000HC28ADC01
1744,FF4D532G6000HC30DC01
1745,Unknown
1746,Unknown
1747,Unknown
1748,MTC4C10163S1UC48BA1
1749,KD5AGUA80-62B280G
1750,HMCG66MEBSA092N
1751,CP16G60C36U5B.M8D1
1752,5M31N59994
1753,PVER516G60C42W
1753,PVER516G60C30W
1754,F5-6800J3445G16GX2-RM5RK
1755,P48429-H61
1756,F5-6000J3636F32GX2-TZ5RK
1757,F5-6400J3239G16GX2-TZ5RS
1758,Unknown
1759,M323R1GB4DB0-CWM
1760,PC5-38400
1761,CT32G56C46S5.M16D1
1762,CP2K16G60C48U5
1763,Unknown
1764,F5-4800S3434A16GA2-RS
1765,EB70-J1528
1766,MTC8C1084S1SC48BA1
1767,EB70-B9662
1768,EB70-J614
1769,EB70-B11661
1770,EB63-A154
1771,AD5U480016G-S-ATC
1772,AT8G1D5D5600NS16N11V
1773,EB70-B8676
1774,Unknown
1775,F5-6000J3040G32GX2-FX5
1776,4X71K20069
1777,KF552C40BBAK2-16
1778,EB70-B4111
1779,EB70-I624
1780,EB70-B8673
1781,EB63-A376
1782,EB63-A699
1783,M425R4GA3BB0-CQK
1784,EB63-A492
1785,EB63-A665
1786,PVVR532G560C36K
1786,PVVR532G600C36K
1786,PVVR532G600C30K
1786,PVVR532G620C40K
1786,PVVR532G640C32K
